text,label,primary_emotion,secondary_emotion,tone,context_domain,social_setting,latent_goal,cognitive_cue,sensory_detail
"Good morning, Alex! The research deck is waiting with fresh insights and ginger tea.",greeting,warmth,anticipation,uplifting,research_ops,team_sync,invite_collaboration,future_planning,ginger_tea_aroma
"Hey team, welcome back from the field—the desert sensors logged starlight just for you.",greeting,enthusiasm,wonder,encouraging,field_research,debrief_circle,celebrate_return,pattern_linking,starlight_reflection
"Hi there, caretaker! The greenhouse monitors say the orchids perked up when you arrived.",greeting,care,relief,nurturing,horticulture,caretaker_arrival,affirm_presence,empathy,orchid_bloom
"Greetings, operations crew; the night shift left aurora sketches to spark your ideas.",greeting,curiosity,calm,reflective,night_ops,shift_handoff,transfer_context,situational_awareness,aurora_sketch
"Welcome back, innovator; a sunlit studio and blank canvases are set for your brainstorm.",greeting,inspiration,joy,buoyant,design_lab,creative_reset,spark_imagination,divergent_thinking,sunlit_canvas
"Hello explorers, the prototype lab warmed the soldering irons and queued your playlists.",greeting,readiness,focus,energized,prototype_lab,build_session,prime_flow,systems_thinking,warm_solder
"Good evening, storytellers; lanterns flicker around the circle ready for your new tales.",greeting,reverence,belonging,inviting,story_circle,evening_gathering,open_sharing,narrative_imagery,lantern_glow
"Hi again, mentors; the listening lounge has cushions fluffed and low jazz for you.",greeting,serenity,gratitude,soothing,mentorship_lounge,reflection_space,restore_energy,active_listening,soft_jazz
"Thanks for today, team; secure the observatory logs and rest those curious minds.",farewell,appreciation,calm,gentle,astronomy_lab,shift_closure,encourage_rest,responsibility_transfer,observatory_logs
"Good night, archivists—label the starlight reels and let the servers cool.",farewell,gratitude,relief,soothing,archive_center,night_shift,protect_artifacts,protocol_memory,cooling_servers
"Signing off, volunteers; hydrate, stretch, and we'll regroup at dawn for the next wave.",farewell,care,anticipation,motivational,volunteer_hub,team_wrap,prepare_return,body_awareness,dawn_glow
"Take care, medics; the respite pods are warm and the night crew has the ward.",farewell,concern,trust,steady,medical_bay,handover,ensure_wellbeing,risk_management,warm_pods
"Rest well, facilitators; tomorrow's learners already wrote thank-you notes in chalk.",farewell,pride,hope,heartfelt,learning_forum,teacher_circle,sustain_motivation,future_projection,chalk_notes
"Safe travels, pilots; the simulation bay saved your trajectories for morning review.",farewell,respect,confidence,assured,flight_sim,crew_release,maintain_focus,trajectory_memory,saved_paths
"Closing time, makers; power down the laser cutters and tuck the prototypes in foam.",farewell,satisfaction,care,calming,makerspace,closing_ritual,protect_assets,procedural_thinking,laser_afterglow
"Goodbye for now, strategists; sync your notebooks and trust the watchkeepers.",farewell,trust,gratitude,reflective,strategy_war_room,wrap_call,preserve_alignment,knowledge_sync,digital_notebooks
Thank you for guiding the guests so patiently; their departure survey glowed with praise.,thank_you,gratitude,admiration,heartfelt,guest_services,debrief,reinforce_behavior,perspective_taking,glowing_survey
Huge thanks for debugging that sensor array before the storm rolled in.,thank_you,relief,gratitude,energized,engineering,storm_preparation,validate_expertise,diagnostic_reasoning,silent_sensors
Grateful for your empathy on today's hotline; callers said they felt genuinely seen.,thank_you,empathy,respect,soothing,support_center,call_recap,affirm_emotional_skill,affective_tuning,quiet_headset
Appreciate you crafting captions in real time; the streaming community kept cheering.,thank_you,appreciation,joy,celebratory,broadcast_studio,live_event,encourage_inclusion,responsiveness,chat_cheers
Thanks for sharing your field notes; the insights rewired tomorrow's workshop agenda.,thank_you,gratitude,curiosity,reflective,field_research,planning_circle,integrate_learning,pattern_detection,annotated_notebook
We're thankful for your impromptu language lesson; the visiting delegation felt at home.,thank_you,warmth,belonging,welcoming,cultural_exchange,delegation_visit,bridge_cultures,language_mapping,shared_phrases
My deepest thanks for covering the night watch; your logs read like poetry.,thank_you,appreciation,awe,reverent,security_watch,overnight_shift,honor_commitment,vigilant_focus,poetic_logs
Thank you for turning the cafeteria into a calm haven; the crew finally exhaled.,thank_you,relief,comfort,nurturing,hospitality,midnight_reset,protect_wellbeing,environmental_design,calm_lighting
I'm sorry the briefing notes went out late; the backup generator log jammed the sync.,apology,remorse,responsibility,contrite,operations,team_message,restore_trust,root_cause_analysis,generator_log
I apologize for overlooking your accessibility request during setup.,apology,empathy,concern,earnest,event_setup,one_on_one,repair_harm,accessibility_focus,missed_request
We regret that the meal order missed two allergens; protocols are already updated.,apology,accountability,care,serious,catering,customer_followup,ensure_safety,process_improvement,allergen_alert
My apologies for the abrupt tone earlier; the emergency page scrambled my focus.,apology,regret,stress_release,reflective,crisis_response,team_circle,acknowledge_strain,self_awareness,pager_buzz
Sorry for mislabeling the drone footage—I've tagged every clip correctly now.,apology,responsibility,diligence,straightforward,media_lab,handoff,correct_record,attention_to_detail,tagged_clips
I owe you an apology for not looping you into the feedback roundtable.,apology,humility,respect,sincere,community_forum,leadership_message,amplify_voice,inclusion_awareness,roundtable_gap
We apologize for the noisy overnight calibration; we'll stagger it next time.,apology,consideration,resolution,calming,engineering_lab,neighbor_notice,mitigate_disruption,schedule_planning,calibration_noise
I'm sorry the volunteer badges printed without braille; the tactile batch ships tonight.,apology,responsibility,determination,hopeful,registration_desk,accessibility_update,deliver_solution,process_adaptation,braille_batch
Could we reframe tomorrow's keynote around participatory storytelling instead of slides?,question,curiosity,excitement,speculative,program_design,strategy_huddle,expand_vision,reframing,story_circle
What data do we need from the sensor grid to confirm the migration pattern shift?,question,analytical,urgency,inquisitive,wildlife_lab,data_review,validate_hypothesis,evidence_mapping,sensor_grid
How might we welcome late arrivals without disrupting the immersive audio journey?,question,consideration,creativity,thoughtful,experience_design,accessibility_working_group,balance_needs,scenario_planning,immersive_audio
Where should we store the empathy interviews so future teams can remix the insights?,question,curiosity,responsibility,methodical,knowledge_management,archive_sync,preserve_learning,information_architecture,interview_transcripts
Which metrics best capture volunteer joy during overnight hospitality rotations?,question,wonder,care,reflective,volunteer_program,metrics_circle,measure_belonging,qualitative_reasoning,overnight_lounge
"When do we pilot the multilingual chatbot, and who will craft the training corpus?",question,anticipation,focus,forward_looking,ai_initiative,pilot_planning,align_resources,roadmap_design,training_corpus
How can we visualize the tension between urgency and rest in the control room?,question,concern,insight_seeking,probing,operations_center,systems_mapping,surface_tradeoffs,complexity_navigation,control_room
Who can pair with Mia to synthesize the climate feedback before the summit briefing?,question,support,urgency,collaborative,climate_program,synthesis_session,accelerate_delivery,team_coordination,summit_briefing
Please assemble a cross-sensory welcome kit for the accessibility delegates.,request,trust,anticipation,purposeful,hospitality,planning_request,enhance_inclusion,design_execution,welcome_kit
Could you document today's improvisation so we can replay the learning tomorrow?,request,curiosity,responsibility,encouraging,learning_lab,knowledge_capture,retain_insight,story_mining,improv_notes
I'd like the analytics team to simulate crowd flow for the lantern maze tonight.,request,urgency,focus,directive,experience_design,night_event,ensure_safety,simulation_thinking,lantern_maze
Please coordinate with logistics to reroute the supplies before the storm hits.,request,alertness,calm,decisive,logistics,crisis_coordination,protect_supplies,contingency_planning,storm_radar
Can you draft a reflective prompt for volunteers to log moments of belonging?,request,appreciation,curiosity,gentle,volunteer_program,reflection_prompt,surface_insights,metacognition,journal_station
I'd appreciate if you mentor the new steward through the tactile signage setup.,request,respect,guidance,supportive,wayfinding,mentorship,transfer_knowledge,spatial_reasoning,tactile_signage
Please set up a calming corner with weighted blankets near the innovation hub.,request,care,comfort,soothing,innovation_space,wellbeing_initiative,balance_energy,environmental_design,weighted_blankets
Can you prepare a bilingual summary of the community agreements for signage?,request,inclusion,clarity,collaborative,community_engagement,communications,align_expectations,translation_strategy,bilingual_signage
Reminder: calibrate the empathy kiosks before the first tour arrives.,reminder,responsibility,anticipation,practical,experience_design,ops_bulletin,maintain_empathy,system_routines,kiosk_glow
Gentle reminder to archive today's field recordings with rich metadata tags.,reminder,care,precision,methodical,audio_lab,documentation_habit,preserve_context,taxonomy_design,field_recordings
Don't forget to schedule micro-breaks for the crisis team every forty minutes.,reminder,concern,support,gentle,crisis_response,wellness_protocol,prevent_burnout,time_management,micro_break_bell
Reminder: refresh the sensory map in braille and high-contrast print.,reminder,inclusion,diligence,encouraging,wayfinding,accessibility_habit,ensure_access,sensory_mapping,braille_map
Please remember to water the rooftop pollinator garden at sunset.,reminder,nurturing,joy,warm,sustainability,care_routine,support_ecosystem,stewardship,sunset_glow
Note: update the gratitude wall prompts to reflect tonight's theme.,reminder,anticipation,creativity,inspiring,community_space,reflection_wall,refresh_engagement,theme_alignment,chalk_dust
Reminder to check the satellite backup before the storytelling livestream.,reminder,vigilance,confidence,steady,broadcast_ops,tech_checklist,avoid_outage,redundancy_planning,satellite_ping
Please remember the mobile app needs quiet mode toggles before release.,reminder,attention,calm,focused,app_dev,product_sync,polish_experience,feature_tracking,quiet_toggle
Progress update: the empathy kiosk firmware now logs tactile feedback with timestamps.,progress_update,pride,focus,confident,interaction_lab,team_sync,surface_learning,feedback_analysis,tactile_logs
Status: the volunteer onboarding portal launched with multilingual walkthroughs.,progress_update,satisfaction,welcoming,hopeful,volunteer_ops,product_launch,increase_access,journey_mapping,portal_walkthrough
Update: the crisis playbook prototype passed the inclusive language audit.,progress_update,relief,responsibility,steady,crisis_program,audit_review,ensure_safety,language_sensitivity,playbook_prototype
Progress report: the rooftop garden sensors survived the hailstorm and report full health.,progress_update,gratitude,optimism,uplifting,sustainability_lab,resilience_update,celebrate_resilience,environmental_monitoring,hailstorm_echo
Status: the storytelling AI now blends lived experience quotes with sensory cues.,progress_update,excitement,care,creative,storytelling_ai,lab_briefing,extend_empathy,hybrid_reasoning,sensory_quotes
Update: our accessibility map prints now include high relief textures and QR audio.,progress_update,pride,anticipation,detailed,map_studio,production_update,enhance_navigation,multi_sensory_design,relief_textures
Progress: the mentorship pairing algorithm learned to balance rest cycles and expertise.,progress_update,confidence,care,assured,mentorship_program,data_review,balance_capacity,optimization,rest_cycle_model
Status update: the community lab reconfigured seating for mobility-first pathways.,progress_update,hope,relief,supportive,community_lab,space_iterate,improve_access,spatial_analysis,mobility_pathways
Your steady calm during chaos teaches the whole team how to breathe.,motivation,encouragement,gratitude,reassuring,operations_center,pep_message,sustain_resilience,emotion_regulation,slow_breath
"Remember, every data point you cleaned today keeps a community story alive.",motivation,pride,purpose,uplifting,data_lab,gratitude_note,affirm_contribution,detail_orientation,clean_data_stream
Your curiosity is the compass that finds new ways to welcome people in.,motivation,inspiration,wonder,expansive,innovation_team,motivation_circle,nurture_curiosity,exploration_mindset,compass_image
That reflective journal you started is already inspiring the night shift.,motivation,admiration,hope,gentle,reflection_space,night_shift_note,encourage_story,self_reflection,ink_smudge
Your patience with the prototypes today built trust faster than any sprint.,motivation,respect,trust,steady,prototype_lab,feedback_loop,reinforce_patience,relational_thinking,solder_scent
Keep listening like you did in the circle—it's reshaping how we design care.,motivation,gratitude,vision,heartfelt,design_circle,listening_round,promote_empathy,active_listening,soft_rug
Your voice reminding us to rest is the wisdom anchoring this mission.,motivation,care,wisdom,grounding,wellness_program,team_huddle,prioritize_rest,systems_awareness,warm_tea
Every brave question you asked today made the climate briefing more honest.,motivation,courage,clarity,empowering,climate_taskforce,briefing_debrief,encourage_truth,critical_questioning,projector_light
We did it! The inclusive festival welcomed every guest with zero access barriers.,celebration,joy,relief,exuberant,festival_ops,all_hands,affirm_success,holistic_check,access_pathways
Raise a toast—the community kitchen served five hundred meals with joyful calm.,celebration,pride,gratitude,festive,community_kitchen,celebration_circle,honor_teamwork,process_reflection,aroma_spice
Celebrate this milestone: the empathy hotline achieved a 95% restorative score.,celebration,accomplishment,hope,radiant,support_center,team_cheer,validate_care,impact_analysis,hotline_dashboard
Confetti moment! Our cross-sensory tour sold out and earned standing ovations.,celebration,excitement,wonder,sparkling,tour_program,performance_wrap,recognize_creativity,audience_feedback,ovation_echo
Cheers to the archive crew—the interactive exhibit sparked tears and laughter.,celebration,gratitude,nostalgia,warm,archive_gallery,opening_celebration,honor_story,memory_activation,tearful_smiles
The innovation lab just published its first open-source care toolkit—brilliance!,celebration,pride,generosity,victorious,innovation_lab,publication_announcement,spread_knowledge,knowledge_sharing,digital_release
Applause for the volunteers; their calm choreography turned a storm into song.,celebration,awe,calm,inspiring,volunteer_program,storm_debrief,recognize_resilience,adaptation_memory,rain_on_canvas
Let's celebrate the climate team; their honest briefing shifted policy overnight.,celebration,pride,determination,triumphant,climate_taskforce,policy_shift,drive_change,strategic_influence,press_room
